<?xml version="1.0"?>
<!DOCTYPE hibernate-mapping PUBLIC "-//Hibernate/Hibernate Mapping DTD 3.0//EN"
"http://www.hibernate.org/dtd/hibernate-mapping-3.0.dtd">

<hibernate-mapping package="com.exer7.hibernate">
	<class name="com.pdomingo.model.person.ContactInfo" table="contact_info">

		<id name="contactInfoId" type="java.lang.Long">
			<column name="CONTACT_INFO_ID" />
			<generator class="identity"/>
		</id>

		<many-to-one name="person" class="com.pdomingo.model.person.Person" lazy="false">
			<column name="PERSON_ID" not-null="false" />
		</many-to-one>

		<property name="contactInfo" type="string">
			<column name="CONTACT_INFO"/>
		</property>

		<property name="contactType" type="string">
			<column name="CONTACT_TYPE"/>
		</property>

	</class>
</hibernate-mapping>
