<?xml version='1.0' encoding='UTF-8'?>
 <!DOCTYPE hibernate-configuration PUBLIC
    "-//Hibernate/Hibernate Configuration DTD 3.0//EN"
    "http://www.hibernate.org/dtd/hibernate-configuration-3.0.dtd">

<hibernate-configuration>
    <session-factory>

		<property name="hibernate.dialect">org.hibernate.dialect.PostgreSQLDialect</property>
		<property name="hibernate.connection.driver_class">org.postgresql.Driver</property>
		<property name="hibernate.connection.username">postgres</property>
		<property name="hibernate.connection.password">postgres</property>
		<property name="hibernate.connection.url">jdbc:postgresql://localhost:5432/hibernate</property>
		<property name="hibernate.show_sql">true</property>
		<property name="connection_pool_size">1</property>
		<property name="hbm2ddl.auto">update</property>


		<mapping resource="person.hbm.xml" />
		<mapping resource="role.hbm.xml" />
		<mapping resource="contact-info.hbm.xml" />

    </session-factory>
</hibernate-configuration>
